"0","traveldatan <- traveldata[grepl(""åŒ—éƒ¨"",traveldata$`å±…ä½åœ°å€`),] #åŒ—éƒ¨æ—…éŠçš„è¡¨å–®"
"2","Warning message:
"
"2","In strsplit(code, ""\n"", fixed = TRUE) :"
"2","
 "
"2"," input string 1 is invalid in this locale
"
"0","library(dplyr)"
"2","
Attaching package: ¡¥dplyr¡¦

"
"2","The following objects are masked from ¡¥package:stats¡¦:

    filter, lag

"
"2","The following objects are masked from ¡¥package:base¡¦:

    intersect, setdiff, setequal, union

"
"0","group_by(traveldatan,Revenue=`å€‹äººæ¯æœˆå¹³å‡æ‰€å¾—`) %>%"
"0","  summarise(`å€‹äººæ¯æœˆå¹³å‡æ‰€å¾—äººæ•¸(åŒ—)`=n()) %>%"
"0","  arrange(desc(`å€‹äººæ¯æœˆå¹³å‡æ‰€å¾—äººæ•¸(åŒ—)`)) #åŒ—éƒ¨æœˆæ‰€å¾—æ—…éŠè¡¨å–®"
