"0","north_moneytimes<-aggregate( å„å­£åœ‹å…§æ—…éŠç¸½æ¬¡æ•¸ ~ å±…ä½åœ°å€+å€‹äººæ¯æœˆå¹³å‡æ‰€å¾—, traveldatan, sum)"
"0","attach(north_moneytimes)"
"0","north_moneytimes$`æ—…éŠæ¬¡æ•¸æ¯”ä¾‹`<-north_moneytimes$å„å­£åœ‹å…§æ—…éŠç¸½æ¬¡æ•¸/sum(north_moneytimes$å„å­£åœ‹å…§æ—…éŠç¸½æ¬¡æ•¸)"
"0","east_moneytimes<-aggregate( å„å­£åœ‹å…§æ—…éŠç¸½æ¬¡æ•¸ ~ å±…ä½åœ°å€+å€‹äººæ¯æœˆå¹³å‡æ‰€å¾—, traveldatae, sum)"
"0","attach(east_moneytimes)"
"2","The following objects are masked from north_moneytimes:

    ¦U©u°ê¤º®È¹CÁ`¦¸¼Æ, ©~¦í¦a°Ï, ­Ó¤H¨C¤ë¥­§¡©Ò±o

"
"0","east_moneytimes$`æ—…éŠæ¬¡æ•¸æ¯”ä¾‹`<-east_moneytimes$å„å­£åœ‹å…§æ—…éŠç¸½æ¬¡æ•¸/sum(east_moneytimes$å„å­£åœ‹å…§æ—…éŠç¸½æ¬¡æ•¸)"
"0","south_moneytimes<-aggregate( å„å­£åœ‹å…§æ—…éŠç¸½æ¬¡æ•¸ ~ å±…ä½åœ°å€+å€‹äººæ¯æœˆå¹³å‡æ‰€å¾—, traveldatas, sum)"
"0","attach(south_moneytimes)"
"2","The following objects are masked from east_moneytimes:

    ¦U©u°ê¤º®È¹CÁ`¦¸¼Æ, ©~¦í¦a°Ï, ­Ó¤H¨C¤ë¥­§¡©Ò±o

"
"2","The following objects are masked from north_moneytimes:

    ¦U©u°ê¤º®È¹CÁ`¦¸¼Æ, ©~¦í¦a°Ï, ­Ó¤H¨C¤ë¥­§¡©Ò±o

"
"0","south_moneytimes$`æ—…éŠæ¬¡æ•¸æ¯”ä¾‹`<-south_moneytimes$å„å­£åœ‹å…§æ—…éŠç¸½æ¬¡æ•¸/sum(south_moneytimes$å„å­£åœ‹å…§æ—…éŠç¸½æ¬¡æ•¸)"
"0","middle_moneytimes<-aggregate( å„å­£åœ‹å…§æ—…éŠç¸½æ¬¡æ•¸ ~ å±…ä½åœ°å€+å€‹äººæ¯æœˆå¹³å‡æ‰€å¾—, traveldatam, sum)"
"0","attach(middle_moneytimes)"
"2","The following objects are masked from south_moneytimes:

    ¦U©u°ê¤º®È¹CÁ`¦¸¼Æ, ©~¦í¦a°Ï, ­Ó¤H¨C¤ë¥­§¡©Ò±o

"
"2","The following objects are masked from east_moneytimes:

    ¦U©u°ê¤º®È¹CÁ`¦¸¼Æ, ©~¦í¦a°Ï, ­Ó¤H¨C¤ë¥­§¡©Ò±o

"
"2","The following objects are masked from north_moneytimes:

    ¦U©u°ê¤º®È¹CÁ`¦¸¼Æ, ©~¦í¦a°Ï, ­Ó¤H¨C¤ë¥­§¡©Ò±o

"
"0","middle_moneytimes$`æ—…éŠæ¬¡æ•¸æ¯”ä¾‹`<-middle_moneytimes$å„å­£åœ‹å…§æ—…éŠç¸½æ¬¡æ•¸/sum(middle_moneytimes$å„å­£åœ‹å…§æ—…éŠç¸½æ¬¡æ•¸)"
"0","out_moneytimes<-aggregate( å„å­£åœ‹å…§æ—…éŠç¸½æ¬¡æ•¸ ~ å±…ä½åœ°å€+å€‹äººæ¯æœˆå¹³å‡æ‰€å¾—, traveldatao, sum)"
"0","attach(out_moneytimes)"
"2","The following objects are masked from middle_moneytimes:

    ¦U©u°ê¤º®È¹CÁ`¦¸¼Æ, ©~¦í¦a°Ï, ­Ó¤H¨C¤ë¥­§¡©Ò±o

"
"2","The following objects are masked from south_moneytimes:

    ¦U©u°ê¤º®È¹CÁ`¦¸¼Æ, ©~¦í¦a°Ï, ­Ó¤H¨C¤ë¥­§¡©Ò±o

"
"2","The following objects are masked from east_moneytimes:

    ¦U©u°ê¤º®È¹CÁ`¦¸¼Æ, ©~¦í¦a°Ï, ­Ó¤H¨C¤ë¥­§¡©Ò±o

"
"2","The following objects are masked from north_moneytimes:

    ¦U©u°ê¤º®È¹CÁ`¦¸¼Æ, ©~¦í¦a°Ï, ­Ó¤H¨C¤ë¥­§¡©Ò±o

"
"0","out_moneytimes$`æ—…éŠæ¬¡æ•¸æ¯”ä¾‹`<-out_moneytimes$å„å­£åœ‹å…§æ—…éŠç¸½æ¬¡æ•¸/sum(out_moneytimes$å„å­£åœ‹å…§æ—…éŠç¸½æ¬¡æ•¸)"
"0","library(knitr)"
"0","all<-rbind(north_moneytimes,east_moneytimes,south_moneytimes,middle_moneytimes,out_moneytimes)"
"0","knitr::kable(all[1:50,])"
